{
  "model/models.js": 1718899241238,
  "controller/App.controller.js": 1718942962825,
  "controller/allusers.controller.js": 1718942435300,
  "controller/User.controller.js": 1718942487639,
  "controller/Home1.controller.js": 1718954884743,
  "controller/BookData.controller.js": 1718942474851,
  "controller/Basecontroller.js": 1718942458735,
  "i18n/i18n.properties": 1718899249742,
  "controller/Allbooks.controller.js": 1718942417340,
  "controller/Admin.controller.js": 1718942402520,
  "controller/ActiveLoans.controller.js": 1718954184118,
  "manifest.json": 1719288747487,
  "Component.js": 1718899241230,
  "controller/Admin-dbg.controller.js": 1718942402520,
  "controller/Admin.controller.js.map": 1719288748580,
  "controller/allusers-dbg.controller.js": 1718942435300,
  "controller/allusers.controller.js.map": 1719288748236,
  "controller/User-dbg.controller.js": 1718942487639,
  "controller/User.controller.js.map": 1719288748281,
  "controller/Home1-dbg.controller.js": 1718954884743,
  "controller/Home1.controller.js.map": 1719288748366,
  "controller/BookData-dbg.controller.js": 1718942474851,
  "controller/BookData.controller.js.map": 1719288748258,
  "controller/Basecontroller-dbg.js": 1718942458735,
  "controller/Basecontroller.js.map": 1719288748281,
  "model/models-dbg.js": 1718899241238,
  "model/models.js.map": 1719288748288,
  "controller/Allbooks-dbg.controller.js": 1718942417340,
  "controller/Allbooks.controller.js.map": 1719288748539,
  "controller/App-dbg.controller.js": 1718942962825,
  "controller/App.controller.js.map": 1719288748364,
  "controller/ActiveLoans-dbg.controller.js": 1718954184118,
  "controller/ActiveLoans.controller.js.map": 1719288748464,
  "Component-dbg.js": 1718899241230,
  "Component.js.map": 1719288748439,
  "Component-preload.js": 1719288749525,
  "Component-preload.js.map": 1719288749525,
  "view/allusers.view.xml": 1718942532694,
  "view/User.view.xml": 1718965166471,
  "view/Home1.view.xml": 1718942548038,
  "view/BookData.view.xml": 1718942540994,
  "view/App.view.xml": 1718899241246,
  "view/Allbooks.view.xml": 1718963996920,
  "view/Admin.view.xml": 1718942513211,
  "view/ActiveLoans.view.xml": 1718942502295,
  "images/shin.jpg": 1718902175829,
  "images/road.jpg": 1718902137430,
  "images/hunger.jpg": 1718902113906,
  "images/hobbit.jpg": 1718902083903,
  "images/galaxy.jpg": 1718902060623,
  "images/dragon.jpg": 1718902040519,
  "images/brown.jpg": 1718902020512,
  "images/book6.jpg": 1718901994800,
  "images/book4.jpg": 1718901973632,
  "images/book3.jpg": 1718901947621,
  "images/book2.jpg": 1718901932021,
  "images/book1.jpg": 1718901911349,
  "images/1948.jpg": 1718901858194,
  "fragments/login.fragment.xml": 1718900746703,
  "fragments/issuebook.fragment.xml": 1718900785418,
  "fragments/history.fragment.xml": 1718900826610,
  "fragments/edit.fragment.xml": 1718900867137,
  "fragments/create.fragment.xml": 1718900904844,
  "fragments/User.fragment.xml": 1718900934892,
  "fragments/Register.fragment.xml": 1718900962552,
  "fragments/Notification.fragment.xml": 1718901118085,
  "css/style.css": 1718969866254,
  "index.html": 1718899241234
}